,Accuracy (%),Time (s)
LR,71.6,0.0056332747141520185
KNN,65.60000000000001,0.0009964307149251301
SVM,72.0,58.41982213656107
DT,68.0,0.002327124277750651
