Mode,Accuracy %
DT,29.599999999999998
RF,40.400000000000006
LR,39.6
KNN,26.8
GNB,28.4
GBDT,35.6
SVM,39.6
