city,heavy,middle,light,good
beijing,0.1723346759802172,0.26956610411461784,0.24611227247233977,0.3119869474328252
