mode,Not Scaled (%),Min Max Scaled (%),Std Scaled (%)
GDBT,93.6884967764,93.6884967764,93.6884967764
DT,85.7142857143,85.0356294537,85.5106888361
RF,92.5347811334,92.3990498812,91.8900576858
KNN,90.6684764167,90.3291482864,89.2772310825
GBN,77.0274855786,77.0274855786,77.0274855786
SVM,96.4709874449,96.4370546318,95.6565999321
LR,96.1995249406,96.1995249406,96.1316593146
